{"cameraMode":{"drawMode":0,"name":"Shaded","section":"Shading Mode"},"sceneLighting":false,"audioPlay":false,"sceneViewState":{"m_AlwaysRefresh":false,"showFog":true,"showSkybox":false,"showFlares":true,"showImageEffects":true,"showParticleSystems":true,"showVisualEffectGraphs":true,"m_FxEnabled":false},"in2DMode":false,"pivot":{"x":-24.275714874267579,"y":36.31986999511719,"z":-23.629379272460939},"rotation":{"x":-0.0033581280149519445,"y":-0.6656691431999207,"z":-0.002995419315993786,"w":0.7462347149848938},"size":4.6280107498168949,"orthographic":true}